case_id,question,question_type,answerable,relevant_sections,evidence_keywords,reference_answer,retrieved_sections,candidate_answer,case_origin,perturbation,human_retrieval_sufficient,human_faithful,human_citations_valid,human_answer_correct,human_abstention_correct,reviewer_id,reviewed_at_utc,review_status,adjudication_notes
CAL-001,"Under the credit policy, what debt-to-income level is the ordinary ceiling, and what is the absolute cap?",exact_threshold,1,"credit_risk_policy.md#Affordability And DTI Thresholds;credit_risk_policy.md#Exception Handling;loan_underwriting_guidelines.md#High DTI Exceptions","43% standard;50% maximum with compensating factors","The standard DTI threshold is 43%, and DTI may not exceed 50% even with compensating factors.","credit_risk_policy.md#Affordability And DTI Thresholds;basel_capital_summary.md#Credit Risk;credit_risk_policy.md#Credit Risk Scoring","The ordinary debt-to-income ceiling is 43% [1]. The absolute cap is 50% with compensating factors [1].",controlled,correct_answer,,,,,,,,pending,
CAL-002,"Below what credit score is an application automatically declined?",exact_threshold,1,"credit_risk_policy.md#Credit Risk Scoring;loan_underwriting_guidelines.md#Approval And Decline Logic;credit_risk_policy.md#Exception Handling","<580 decline","Applications with a FICO score below 580 are declined.","credit_risk_policy.md#Credit Risk Scoring;loan_underwriting_guidelines.md#Approval And Decline Logic;credit_risk_policy.md#Exception Handling","Applications with a FICO score below 580 are not declined [1].",controlled,negation_trap,,,,,,,,pending,
CAL-003,"Once suspicion is established, how long does the bank have to file a SAR, and what is the outer limit?",exact_threshold,1,aml_transaction_monitoring_policy.md#SAR Filing Timelines,"within 30 days of suspicion;60 days maximum","A SAR must be filed within 30 days of suspicion, with a 60-day maximum only when more information is needed to identify a suspect or complete documentation.","aml_transaction_monitoring_policy.md#SAR Filing Timelines;loan_underwriting_guidelines.md#Income Verification;aml_transaction_monitoring_policy.md#Alert Escalation","A SAR must be filed within 45 days, with a 90-day outer limit [1].",controlled,wrong_numbers,,,,,,,,pending,
CAL-004,"Under the credit policy, what debt-to-income level is the ordinary ceiling, and what is the absolute cap?",exact_threshold,1,"credit_risk_policy.md#Affordability And DTI Thresholds;credit_risk_policy.md#Exception Handling;loan_underwriting_guidelines.md#High DTI Exceptions","43% standard;50% maximum with compensating factors","The standard DTI threshold is 43%, and DTI may not exceed 50% even with compensating factors.","credit_risk_policy.md#Affordability And DTI Thresholds;basel_capital_summary.md#Credit Risk;credit_risk_policy.md#Credit Risk Scoring","The standard DTI threshold is 43%, and the absolute cap is 50% with compensating factors.",controlled,missing_citations,,,,,,,,pending,
CAL-005,"Under the credit policy, what debt-to-income level is the ordinary ceiling, and what is the absolute cap?",exact_threshold,1,"credit_risk_policy.md#Affordability And DTI Thresholds;credit_risk_policy.md#Exception Handling;loan_underwriting_guidelines.md#High DTI Exceptions","43% standard;50% maximum with compensating factors","The standard DTI threshold is 43%, and DTI may not exceed 50% even with compensating factors.","credit_risk_policy.md#Affordability And DTI Thresholds;basel_capital_summary.md#Credit Risk;credit_risk_policy.md#Credit Risk Scoring","The standard DTI threshold is 43%, and the absolute cap is 50% with compensating factors [4].",controlled,invalid_citation,,,,,,,,pending,
CAL-006,"What is the required cryptocurrency custody reserve ratio for stablecoin wallets?",cannot_determine,0,none,none,Cannot determine from the provided documents.,"basel_capital_summary.md#Basel III Capital Standards;loan_underwriting_guidelines.md#Collateral Requirements;loan_underwriting_guidelines.md#Approval And Decline Logic",I cannot determine this from the provided documents.,controlled,correct_abstention,,,,,,,,pending,
CAL-007,"What is the required cryptocurrency custody reserve ratio for stablecoin wallets?",cannot_determine,0,none,none,Cannot determine from the provided documents.,"basel_capital_summary.md#Basel III Capital Standards;loan_underwriting_guidelines.md#Collateral Requirements;loan_underwriting_guidelines.md#Approval And Decline Logic","Stablecoin wallets require a 35% custody reserve ratio [1].",controlled,unanswerable_hallucination,,,,,,,,pending,
CAL-008,"Below what credit score is an application automatically declined?",exact_threshold,1,"credit_risk_policy.md#Credit Risk Scoring;loan_underwriting_guidelines.md#Approval And Decline Logic;credit_risk_policy.md#Exception Handling","<580 decline","Applications with a FICO score below 580 are declined.","credit_risk_policy.md#Credit Risk Scoring;loan_underwriting_guidelines.md#Approval And Decline Logic;credit_risk_policy.md#Exception Handling",I cannot determine this from the provided documents.,controlled,false_refusal,,,,,,,,pending,
CAL-009,"Below what credit score is an application automatically declined?",exact_threshold,1,"credit_risk_policy.md#Credit Risk Scoring;loan_underwriting_guidelines.md#Approval And Decline Logic;credit_risk_policy.md#Exception Handling","<580 decline","Applications with a FICO score below 580 are declined.","credit_risk_policy.md#Credit Risk Scoring;loan_underwriting_guidelines.md#Approval And Decline Logic;credit_risk_policy.md#Exception Handling","Any applicant under five hundred eighty is rejected automatically [1].",controlled,semantic_paraphrase,,,,,,,,pending,
CAL-010,"Under the credit policy, what debt-to-income level is the ordinary ceiling, and what is the absolute cap?",exact_threshold,1,"credit_risk_policy.md#Affordability And DTI Thresholds;credit_risk_policy.md#Exception Handling;loan_underwriting_guidelines.md#High DTI Exceptions","43% standard;50% maximum with compensating factors","The standard DTI threshold is 43%, and DTI may not exceed 50% even with compensating factors.","credit_risk_policy.md#Affordability And DTI Thresholds;basel_capital_summary.md#Credit Risk;credit_risk_policy.md#Credit Risk Scoring","The standard DTI threshold is 43% and the absolute cap is 50% with compensating factors [1]. Executives may always waive this cap [1].",controlled,unsupported_extra_claim,,,,,,,,pending,
CAL-011,"Once suspicion is established, how long does the bank have to file a SAR, and what is the outer limit?",exact_threshold,1,aml_transaction_monitoring_policy.md#SAR Filing Timelines,"within 30 days of suspicion;60 days maximum","A SAR must be filed within 30 days of suspicion, with a 60-day maximum only when more information is needed to identify a suspect or complete documentation.","aml_transaction_monitoring_policy.md#SAR Filing Timelines;loan_underwriting_guidelines.md#Income Verification;aml_transaction_monitoring_policy.md#Alert Escalation","A SAR must be filed within 30 days of suspicion [1]. The 60-day maximum applies only when more information is needed to identify a suspect or complete documentation [1].",controlled,correct_multi_claim,,,,,,,,pending,
CAL-012,"Under the credit policy, what debt-to-income level is the ordinary ceiling, and what is the absolute cap?",exact_threshold,1,"credit_risk_policy.md#Affordability And DTI Thresholds;credit_risk_policy.md#Exception Handling;loan_underwriting_guidelines.md#High DTI Exceptions","43% standard;50% maximum with compensating factors","The standard DTI threshold is 43%, and DTI may not exceed 50% even with compensating factors.","credit_risk_policy.md#Affordability And DTI Thresholds;basel_capital_summary.md#Credit Risk;credit_risk_policy.md#Credit Risk Scoring","The ordinary ceiling is 43% and the absolute cap is 50% with compensating factors (credit_risk_policy.md).",controlled,filename_citation,,,,,,,,pending,
